Product Name,Over_All_Rating,Price,Date,Rating,Name,Comment,Rating_Count
Buy Anouk Yellow Ethnic Motifs Embroidered Mandarin Collar Cotton Straight Kurta  - Kurtas for Men 31889985 | Myntra,4.2,‚Çπ1188,31 Jan 2025,5,Sayan,The best in looks. Just awesome.,19
Buy Anouk Yellow Ethnic Motifs Embroidered Mandarin Collar Cotton Straight Kurta  - Kurtas for Men 31889985 | Myntra,4.2,‚Çπ1188,6 Apr 2025,5,Ajay Maurya,Better than expected. ,19
Buy Anouk Yellow Ethnic Motifs Embroidered Mandarin Collar Cotton Straight Kurta  - Kurtas for Men 31889985 | Myntra,4.2,‚Çπ1188,10 Feb 2025,5,Vedant Shukla,Great product,19
Buy Anouk Yellow Ethnic Motifs Embroidered Mandarin Collar Cotton Straight Kurta  - Kurtas for Men 31889985 | Myntra,4.2,‚Çπ1188,14 Feb 2025,5,Sapna,Loved it,19
Buy Anouk Yellow Ethnic Motifs Embroidered Mandarin Collar Cotton Straight Kurta  - Kurtas for Men 31889985 | Myntra,4.2,‚Çπ1188,3 Apr 2025,5,Myntra Customer,Very nice ,19
Buy Anouk Ethnic Motifs Printed Pure Cotton Straight Short Kurti  - Kurtis for Women 27830414 | Myntra,4.3,‚Çπ560,25 Jan 2025,3,Myntra Customer,"Cloth is single layer but cotton is good and also design is good. Easy to go short kurti.

",1700
Buy Anouk Ethnic Motifs Printed Pure Cotton Straight Short Kurti  - Kurtis for Women 27830414 | Myntra,4.3,‚Çπ560,2 Feb 2025,5,Oindrila Sengupta,Comfortable material ,1700
Buy Anouk Ethnic Motifs Printed Pure Cotton Straight Short Kurti  - Kurtis for Women 27830414 | Myntra,4.3,‚Çπ560,31 Oct 2024,4,Roshni Kakad,"Giving it a 4 only because of the slight variation between the color in the image VS the actual product. It's more pink in the former. However, if the actual purple shade is not a deal breaker for you, definitely go for it, because it's certainly very comfortable and a very cute look. The crochet at the end of the sleeve enhances the look. Happy with the purchase overall.",1700
Buy Anouk Ethnic Motifs Printed Pure Cotton Straight Short Kurti  - Kurtis for Women 27830414 | Myntra,4.3,‚Çπ560,14 Aug 2024,5,Jyothis Mathew,"There is a slight color difference.  I ordered a light pink kurta but in real it turned out to be purple. However,  I am keeping it as I loved the color. 
  It is comfortable to wear. 

Just order a size up. 
",1700
Buy Anouk Ethnic Motifs Printed Pure Cotton Straight Short Kurti  - Kurtis for Women 27830414 | Myntra,4.3,‚Çπ560,21 July 2024,4,Myntra Customer,"Material is nice, it's good for Summers but color is bit different it's dark purple but it looks good ",1700
Buy Anouk Ethnic Motifs Printed Pure Cotton Straight Short Kurti  - Kurtis for Women 27830414 | Myntra,4.3,‚Çπ560,5 July 2024,4,Rajul Agarwal,Fitting and colour is as shown in the picture... Quality is not very good but it's ok as per the price,1700
Buy Anouk Ethnic Motifs Printed Pure Cotton Straight Short Kurti  - Kurtis for Women 27830414 | Myntra,4.3,‚Çπ560,3 Aug 2024,5,Darakhsha Naz,Just in luv with this kurti ,1700
Buy Anouk Ethnic Motifs Printed Pure Cotton Straight Short Kurti  - Kurtis for Women 27830414 | Myntra,4.3,‚Çπ560,1 July 2024,5,Drishti Khurana,"I recently purchased this kurti for college and I'm absolutely delighted with it! The color is vibrant and exactly as shown in the pictures, the print is elegant yet modern, and the fit is just perfect. The fabric feels comfortable and breathable, which is ideal for long hours on campus. Overall, I couldn't be happier with my purchase. Highly recommend it for anyone looking for a stylish and comfortable outfit!",1700
Buy Anouk Ethnic Motifs Printed Pure Cotton Straight Short Kurti  - Kurtis for Women 27830414 | Myntra,4.3,‚Çπ560,10 Sept 2024,5,Ananya Deb,Office / Daily wear comfortable Cotton kurta ,1700
Buy Anouk Ethnic Motifs Printed Pure Cotton Straight Short Kurti  - Kurtis for Women 27830414 | Myntra,4.3,‚Çπ560,3 Aug 2024,4,Navya,"a little too loose , but my parents say it is meant to be like that . Just consider it to be a loose fit piece, nice for casual college wear",1700
Buy Anouk Ethnic Motifs Printed Pure Cotton Straight Short Kurti  - Kurtis for Women 27830414 | Myntra,4.3,‚Çπ560,16 July 2024,5,Savita Suryawanshi,Just go for it. The colour is good and fits really well. Very comfortable breathable fabric and Looks so good!!!!!.ü©∑,1700
Buy Anouk Ethnic Motifs Printed Pure Cotton Straight Short Kurti  - Kurtis for Women 27830414 | Myntra,4.3,‚Çπ560,25 Oct 2024,5,Deepali Mittal,The kurti is just perfect. The fabric is really soft and comfortable. ,1700
Buy Anouk Ethnic Motifs Printed Pure Cotton Straight Short Kurti  - Kurtis for Women 27830414 | Myntra,4.3,‚Çπ560,26 July 2024,4,Akshara,"The quality is decent and looks good . 
The size I ordered turned out perfect üëå ",1700
Buy Anouk Ethnic Motifs Printed Pure Cotton Straight Short Kurti  - Kurtis for Women 27830414 | Myntra,4.3,‚Çπ560,8 June 2024,5,Vaani,"Nice piece‚Ä¶ 
Got it in a reasonable price in EORS
The colour and feel of it gives great vibes. ",1700
Buy Anouk Ethnic Motifs Printed Pure Cotton Straight Short Kurti  - Kurtis for Women 27830414 | Myntra,4.3,‚Çπ560,28 Oct 2024,4,Bansi Pandya,"It's a little loose, good for casual office wear. Colour isn't that great
",1700
Buy Anouk Ethnic Motifs Printed Pure Cotton Straight Short Kurti  - Kurtis for Women 27830414 | Myntra,4.3,‚Çπ560,9 Oct 2024,5,Vyshnavi,"The product quality is consistently outstanding, exceeding my expectations every time",1700
Buy Anouk Ethnic Motifs Printed Pure Cotton Straight Short Kurti  - Kurtis for Women 27830414 | Myntra,4.3,‚Çπ560,7 Oct 2024,5,Anu Shree,"Bahut hi sundar h highly recommend üëç
 Same colour, material is very soft ",1700
Buy Anouk Ethnic Motifs Printed Pure Cotton Straight Short Kurti  - Kurtis for Women 27830414 | Myntra,4.3,‚Çπ560,19 Nov 2024,5,Sanskar Singh,"The product quality  was good as per the price 

Fully satisfied üòå ",1700
Buy Anouk Ethnic Motifs Printed Pure Cotton Straight Short Kurti  - Kurtis for Women 27830414 | Myntra,4.3,‚Çπ560,9 Sept 2024,5,Hitika,I ordered this kurti and it turned out really good. The material is also good and fitting is perfect.,1700
Buy Anouk Ethnic Motifs Printed Pure Cotton Straight Short Kurti  - Kurtis for Women 27830414 | Myntra,4.3,‚Çπ560,10 Oct 2024,5,Prerna Pankush,The product is really awsm..looks amazing n same as the picture..has a gud n comfortable fabric ,1700
Buy Anouk Ethnic Motifs Printed Pure Cotton Straight Short Kurti  - Kurtis for Women 27830414 | Myntra,4.3,‚Çπ560,18 June 2024,4,Sneha,"Fits well, just a little bit transperant. Fabric feels good on skin. ",1700
Buy Anouk Ethnic Motifs Printed Pure Cotton Straight Short Kurti  - Kurtis for Women 27830414 | Myntra,4.3,‚Çπ560,19 Aug 2024,5,Mrignayni Baruah,"The fitting is perfect and I love the color ‚ô•Ô∏è‚ô•Ô∏è 
It looks really elegant on me ",1700
Buy Anouk Ethnic Motifs Printed Pure Cotton Straight Short Kurti  - Kurtis for Women 27830414 | Myntra,4.3,‚Çπ560,18 Mar 2025,5,Ramya Achanta,"It's a lovely kurti. Exactly as shown in the picture, true to size and soft cotton. ",1700
Buy Anouk Ethnic Motifs Printed Pure Cotton Straight Short Kurti  - Kurtis for Women 27830414 | Myntra,4.3,‚Çπ560,29 Aug 2024,5,Muskan Sahu,Very nice fabric and soft.material colour is also very bright.,1700
Buy Anouk Ethnic Motifs Printed Pure Cotton Straight Short Kurti  - Kurtis for Women 27830414 | Myntra,4.3,‚Çπ560,30 Oct 2024,4,Aditi Gupta,"Pretty kurti. Length is a little shorter.

",1700
Buy Anouk Ethnic Motifs Printed Pure Cotton Straight Short Kurti  - Kurtis for Women 27830414 | Myntra,4.3,‚Çπ560,14 Sept 2024,5,Indu Prajapati,I love the product its print is just wow. Its fitting ‚ù§,1700
Buy Anouk Ethnic Motifs Printed Pure Cotton Straight Short Kurti  - Kurtis for Women 27830414 | Myntra,4.3,‚Çπ560,9 June 2024,5,Darshika Gupta,Well fitted and looks perfect for an indo western look. ,1700
Buy Anouk Ethnic Motifs Printed Pure Cotton Straight Short Kurti  - Kurtis for Women 27830414 | Myntra,4.3,‚Çπ560,28 Mar 2025,5,Aishwarya Mane,"The material is good and feels soft overall great purchase
",1700
Buy Anouk Ethnic Motifs Printed Pure Cotton Straight Short Kurti  - Kurtis for Women 27830414 | Myntra,4.3,‚Çπ560,21 Oct 2024,5,Surbhi Chauhan,Fits perfectly and looks pretty üíû good quality product ,1700
Buy Anouk Ethnic Motifs Printed Pure Cotton Straight Short Kurti  - Kurtis for Women 27830414 | Myntra,4.3,‚Çπ560,2 Aug 2024,5,Ss,"Beautiful product,  buy on myntra 
Stylish and best design ",1700
Buy Anouk Ethnic Motifs Printed Pure Cotton Straight Short Kurti  - Kurtis for Women 27830414 | Myntra,4.3,‚Çπ560,18 Feb 2025,5,Kirti,Same to same product I love it ‚ù§Ô∏è thankyou mintra,1700
Buy Anouk Ethnic Motifs Printed Pure Cotton Straight Short Kurti  - Kurtis for Women 27830414 | Myntra,4.3,‚Çπ560,10 June 2024,4,Vansikha,"Comfortable for summers, it's thin and true to size",1700
Buy Anouk Ethnic Motifs Printed Pure Cotton Straight Short Kurti  - Kurtis for Women 27830414 | Myntra,4.3,‚Çπ560,6 Oct 2024,4,Ragini,Achha hai but you can buy at your risk...‚ô°üòÄ,1700
Buy Anouk Ethnic Motifs Printed Pure Cotton Straight Short Kurti  - Kurtis for Women 27830414 | Myntra,4.3,‚Çπ560,29 Aug 2024,5,Reena Talekar,"Nice material and pattern, perfect fitting and value for money",1700
Buy Anouk Ethnic Motifs Printed Pure Cotton Straight Short Kurti  - Kurtis for Women 27830414 | Myntra,4.3,‚Çπ560,18 Aug 2024,4,Shreya,Classy short kurti. Suitable for daily wear.,1700
Buy Anouk Ethnic Motifs Printed Pure Cotton Straight Short Kurti  - Kurtis for Women 27830414 | Myntra,4.3,‚Çπ560,31 July 2024,5,Sagorika Saha,"Very nice kurti, comfortable and soft. Good for daily wear",1700
Buy Anouk Ethnic Motifs Printed Pure Cotton Straight Short Kurti  - Kurtis for Women 27830414 | Myntra,4.3,‚Çπ560,5 Apr 2025,5,Asima Sarkar,It's a excellent üëå awesome you must buy this guys,1700
Buy Anouk Ethnic Motifs Printed Pure Cotton Straight Short Kurti  - Kurtis for Women 27830414 | Myntra,4.3,‚Çπ560,2 Oct 2024,4,Khushi,This top  has a really good fabric.,1700
Buy Anouk Ethnic Motifs Printed Pure Cotton Straight Short Kurti  - Kurtis for Women 27830414 | Myntra,4.3,‚Çπ560,16 Dec 2024,4,Krip,Nice material and worth the price ,1700
Buy Anouk Ethnic Motifs Printed Pure Cotton Straight Short Kurti  - Kurtis for Women 27830414 | Myntra,4.3,‚Çπ560,17 Oct 2024,5,Komal Kumari,Very nice üôÇüëç size xs,1700
Buy Anouk Ethnic Motifs Printed Pure Cotton Straight Short Kurti  - Kurtis for Women 27830414 | Myntra,4.3,‚Çπ560,30 Sept 2024,4,Ronella Harvey,pretty top but price is too high,1700
Buy Anouk Ethnic Motifs Printed Pure Cotton Straight Short Kurti  - Kurtis for Women 27830414 | Myntra,4.3,‚Çπ560,1 May 2024,4,Pratima Saraswat,Nice ...good fabric for summer ,1700
Buy Anouk Ethnic Motifs Printed Pure Cotton Straight Short Kurti  - Kurtis for Women 27830414 | Myntra,4.3,‚Çπ560,12 Oct 2024,5,Shilpi Nath,"Very soft and comfortable 
Perfect for summers ü•∞",1700
Buy Anouk Ethnic Motifs Printed Pure Cotton Straight Short Kurti  - Kurtis for Women 27830414 | Myntra,4.3,‚Çπ560,1 Jan 2025,5,Shyamal Sonje,Very good fabric and quality of product. Love it ,1700
Buy Anouk Ethnic Motifs Printed Pure Cotton Straight Short Kurti  - Kurtis for Women 27830414 | Myntra,4.3,‚Çπ560,24 Oct 2024,5,Ayushi,"Its really good  comfortable and great fitting 
",1700
Buy Anouk Ethnic Motifs Printed Pure Cotton Straight Short Kurti  - Kurtis for Women 27830414 | Myntra,4.3,‚Çπ560,1 Oct 2024,4,Myntra Customer,Loved it. But a little bit loose ,1700
Buy Anouk Ethnic Motifs Printed Pure Cotton Straight Short Kurti  - Kurtis for Women 27830414 | Myntra,4.3,‚Çπ560,22 Nov 2024,4,Asha Sangale,Beautiful short kurti...I love it,1700
Buy Anouk Ethnic Motifs Printed Pure Cotton Straight Short Kurti  - Kurtis for Women 27830414 | Myntra,4.3,‚Çπ560,3 Nov 2024,4,Ananya Ahlawat,Light wear and beautiful ,1700
Buy Anouk Ethnic Motifs Printed Pure Cotton Straight Short Kurti  - Kurtis for Women 27830414 | Myntra,4.3,‚Çπ560,22 Sept 2024,4,Shraddha,Good quality and colour,1700
Buy Anouk Ethnic Motifs Printed Pure Cotton Straight Short Kurti  - Kurtis for Women 27830414 | Myntra,4.3,‚Çπ560,27 Sept 2024,4,Jaya Pandey,Good looking üëå üíØ ,1700
Buy Anouk Ethnic Motifs Printed Pure Cotton Straight Short Kurti  - Kurtis for Women 27830414 | Myntra,4.3,‚Çπ560,7 Oct 2024,5,Keshar Sonal,"One of the best short kurti
Loved it ",1700
Buy Anouk Ethnic Motifs Printed Pure Cotton Straight Short Kurti  - Kurtis for Women 27830414 | Myntra,4.3,‚Çπ560,1 Nov 2024,5,Myntra Customer,"Very nice product, quality wise very good",1700
Buy Anouk Ethnic Motifs Printed Pure Cotton Straight Short Kurti  - Kurtis for Women 27830414 | Myntra,4.3,‚Çπ560,7 Oct 2024,5,Omika Bitla,"Great product.
Perfect fit.
Good quality.",1700
Buy Anouk Ethnic Motifs Printed Pure Cotton Straight Short Kurti  - Kurtis for Women 27830414 | Myntra,4.3,‚Çπ560,8 Aug 2024,4,Muskan Juneja,"Fabric is pure cotton..
",1700
Buy Anouk Ethnic Motifs Printed Pure Cotton Straight Short Kurti  - Kurtis for Women 27830414 | Myntra,4.3,‚Çπ560,11 Oct 2024,5,Myntra Customer,Amazing fit and quality.nice fabric too,1700
Buy Anouk Ethnic Motifs Printed Pure Cotton Straight Short Kurti  - Kurtis for Women 27830414 | Myntra,4.3,‚Çπ560,25 Aug 2024,4,Tanvi,It's Niceee as expected ,1700
Buy Anouk Ethnic Motifs Printed Pure Cotton Straight Short Kurti  - Kurtis for Women 27830414 | Myntra,4.3,‚Çπ560,10 Nov 2024,5,Swastika Chaturvedi,Fabric is very good much comfortable,1700
Buy Anouk Ethnic Motifs Printed Pure Cotton Straight Short Kurti  - Kurtis for Women 27830414 | Myntra,4.3,‚Çπ560,12 Sept 2024,5,Sweety,Perfect fit for me really thank you myntra. ,1700
Buy Anouk Ethnic Motifs Printed Pure Cotton Straight Short Kurti  - Kurtis for Women 27830414 | Myntra,4.3,‚Çπ560,16 Oct 2024,5,Gowthami,One must buy.. worth..very good quality ,1700
Buy Anouk Ethnic Motifs Printed Pure Cotton Straight Short Kurti  - Kurtis for Women 27830414 | Myntra,4.3,‚Çπ560,19 June 2024,5,Sakshi,"Breathable fabric comfy. Looks elegant 
",1700
Buy Anouk Ethnic Motifs Printed Pure Cotton Straight Short Kurti  - Kurtis for Women 27830414 | Myntra,4.3,‚Çπ560,16 July 2024,5,Lakshmi,"I love this kurti , the fit is so good!üíú",1700
Buy Anouk Ethnic Motifs Printed Pure Cotton Straight Short Kurti  - Kurtis for Women 27830414 | Myntra,4.3,‚Çπ560,15 Nov 2024,4,Arya S Panicker,Casual and beautiful ,1700
Buy Anouk Ethnic Motifs Printed Pure Cotton Straight Short Kurti  - Kurtis for Women 27830414 | Myntra,4.3,‚Çπ560,20 Nov 2024,5,Suha Mahesh,"Beautiful colour, good material ",1700
Buy Anouk Ethnic Motifs Printed Pure Cotton Straight Short Kurti  - Kurtis for Women 27830414 | Myntra,4.3,‚Çπ560,8 Sept 2024,4,Priyanka,Nyc dress.. I love it,1700
Buy Anouk Ethnic Motifs Printed Pure Cotton Straight Short Kurti  - Kurtis for Women 27830414 | Myntra,4.3,‚Çπ560,4 June 2024,5,Kavita,"Perfect fit...nice and gud for summers
",1700
Buy Anouk Ethnic Motifs Printed Pure Cotton Straight Short Kurti  - Kurtis for Women 27830414 | Myntra,4.3,‚Çπ560,15 Dec 2024,5,R Navya Priya,Excellent fabric and worth of money,1700
Buy Anouk Ethnic Motifs Printed Pure Cotton Straight Short Kurti  - Kurtis for Women 27830414 | Myntra,4.3,‚Çπ560,19 Mar 2025,5,Sanya Bathla,Really good kurti stuff is perfect ,1700
Buy Anouk Ethnic Motifs Printed Pure Cotton Straight Short Kurti  - Kurtis for Women 27830414 | Myntra,4.3,‚Çπ560,1 Oct 2024,5,Sushant Raj,Nice material and feeting also good,1700
Buy Anouk Ethnic Motifs Printed Pure Cotton Straight Short Kurti  - Kurtis for Women 27830414 | Myntra,4.3,‚Çπ560,30 Aug 2024,5,Jaya Tripathi,"Its perfect for work wear outfits
",1700
Buy Anouk Ethnic Motifs Printed Pure Cotton Straight Short Kurti  - Kurtis for Women 27830414 | Myntra,4.3,‚Çπ560,14 Oct 2024,4,Uppalabhanu Prakash,Quality can be bettered,1700
Buy Anouk Ethnic Motifs Printed Pure Cotton Straight Short Kurti  - Kurtis for Women 27830414 | Myntra,4.3,‚Çπ560,22 June 2024,5,Babita Srivastava,Everything is good about this cloth ...,1700
Buy Anouk Ethnic Motifs Printed Pure Cotton Straight Short Kurti  - Kurtis for Women 27830414 | Myntra,4.3,‚Çπ560,23 Sept 2024,5,Myntra Customer,"It's comfortable and sober!

",1700
Buy Anouk Ethnic Motifs Printed Pure Cotton Straight Short Kurti  - Kurtis for Women 27830414 | Myntra,4.3,‚Çπ560,22 Sept 2024,5,Deepali,Very comfortable and elegant ,1700
Buy Anouk Ethnic Motifs Printed Pure Cotton Straight Short Kurti  - Kurtis for Women 27830414 | Myntra,4.3,‚Çπ560,28 Oct 2024,5,Nasrin,It's very good material. ,1700
Buy Anouk Ethnic Motifs Printed Pure Cotton Straight Short Kurti  - Kurtis for Women 27830414 | Myntra,4.3,‚Çπ560,30 Nov 2024,5,Anjali Kashyap,"Happy 
Happy 
Happy üíñ",1700
Buy Anouk Ethnic Motifs Printed Pure Cotton Straight Short Kurti  - Kurtis for Women 27830414 | Myntra,4.3,‚Çπ560,22 Oct 2024,5,Chandni Upadhyay,"Decent short kurti, looks nice",1700
Buy Anouk Ethnic Motifs Printed Pure Cotton Straight Short Kurti  - Kurtis for Women 27830414 | Myntra,4.3,‚Çπ560,15 Aug 2024,5,Manjot Kaur,Perfect size perfect quality..!! ,1700
Buy Anouk Ethnic Motifs Printed Pure Cotton Straight Short Kurti  - Kurtis for Women 27830414 | Myntra,4.3,‚Çπ560,1 Aug 2024,5,Nalini,Awesome product. Cloth quality good,1700
Buy Anouk Ethnic Motifs Printed Pure Cotton Straight Short Kurti  - Kurtis for Women 27830414 | Myntra,4.3,‚Çπ560,3 Dec 2024,5,Kanika,Product is so good üòäüòä,1700
Buy Anouk Ethnic Motifs Printed Pure Cotton Straight Short Kurti  - Kurtis for Women 27830414 | Myntra,4.3,‚Çπ560,21 Sept 2024,5,Kavya,Comfortable yet classy‚ú®Ô∏è,1700
Buy Anouk Ethnic Motifs Printed Pure Cotton Straight Short Kurti  - Kurtis for Women 27830414 | Myntra,4.3,‚Çπ560,26 Oct 2024,5,Nitish Kumar,Good product and quality..,1700
Buy Anouk Ethnic Motifs Printed Pure Cotton Straight Short Kurti  - Kurtis for Women 27830414 | Myntra,4.3,‚Çπ560,25 May 2024,5,Rashmi,"Very soft fabric!! good for Summer
",1700
Buy Anouk Ethnic Motifs Printed Pure Cotton Straight Short Kurti  - Kurtis for Women 27830414 | Myntra,4.3,‚Çπ560,10 Feb 2025,5,Sanya Gambhir,Perfect fit..loved the colour ,1700
Buy Anouk Ethnic Motifs Printed Pure Cotton Straight Short Kurti  - Kurtis for Women 27830414 | Myntra,4.3,‚Çπ560,23 Dec 2024,5,Anulekha Mandal,Nice for regular wear ,1700
Buy Anouk Ethnic Motifs Printed Pure Cotton Straight Short Kurti  - Kurtis for Women 27830414 | Myntra,4.3,‚Çπ560,9 Nov 2024,5,Pratishtha Pathak,pretty and comfortable,1700
Buy Anouk Ethnic Motifs Printed Pure Cotton Straight Short Kurti  - Kurtis for Women 27830414 | Myntra,4.3,‚Çπ560,13 Oct 2024,5,Myntra Customer,Nice fabric..loved it,1700
Buy Anouk Ethnic Motifs Printed Pure Cotton Straight Short Kurti  - Kurtis for Women 27830414 | Myntra,4.3,‚Çπ560,14 June 2024,5,Michelle Pereira,Perfect and elegant üòç,1700
Buy Anouk Ethnic Motifs Printed Pure Cotton Straight Short Kurti  - Kurtis for Women 27830414 | Myntra,4.3,‚Çπ560,30 May 2024,5,Shraddha Chaurasia,Good fabric for summer,1700
Buy Anouk Ethnic Motifs Printed Pure Cotton Straight Short Kurti  - Kurtis for Women 27830414 | Myntra,4.3,‚Çπ560,15 June 2024,5,Bharat,Awesome fit and good quality,1700
Buy Anouk Ethnic Motifs Printed Pure Cotton Straight Short Kurti  - Kurtis for Women 27830414 | Myntra,4.3,‚Çπ560,27 Aug 2024,5,Ishika Rani,Soo comfy and beautiful,1700
Buy Anouk Ethnic Motifs Printed Pure Cotton Straight Short Kurti  - Kurtis for Women 27830414 | Myntra,4.3,‚Çπ560,13 Nov 2024,5,Aditi Yadav,Thank u for this üòä,1700
Buy Anouk Ethnic Motifs Printed Pure Cotton Straight Short Kurti  - Kurtis for Women 27830414 | Myntra,4.3,‚Çπ560,4 May 2024,3,Manisha Negi,"colour is little dull and fabric is also not so good


",1700
Buy Anouk Ethnic Motifs Printed Pure Cotton Straight Short Kurti  - Kurtis for Women 27830414 | Myntra,4.3,‚Çπ560,11 Oct 2024,5,Janhavi Bhagat,Comfortable and good fit,1700
Buy Anouk Floral Mandarin Collar Long Sleeves Thread Work Kurta  - Kurtas for Men 28532664 | Myntra,4,‚Çπ854,11 Nov 2024,4,Yash Churi,It's a good one in this range.,94
Buy Anouk Floral Mandarin Collar Long Sleeves Thread Work Kurta  - Kurtas for Men 28532664 | Myntra,4,‚Çπ854,6 Sept 2024,3,Kamal Sharma,"I purchased this kurta at 750 INR. At this price, I feel it's a decent product however, the cloth material is not very comfortable, for a few hours you can wear it but for longer durations, it's not a wise choice.",94
Buy Anouk Floral Mandarin Collar Long Sleeves Thread Work Kurta  - Kurtas for Men 28532664 | Myntra,4,‚Çπ854,16 Nov 2024,4,Abhishek Dubey,"Decent kurta, go for it üëç
In case you are an Ectomorph, don't hesitate! 
Don't expect much as it is not as bright as shown in the picture. ",94
Buy Anouk Floral Mandarin Collar Long Sleeves Thread Work Kurta  - Kurtas for Men 28532664 | Myntra,4,‚Çπ854,4 Dec 2024,5,Pranit Padhiar,"Looks super good and gives a perfect heavy look even though the price is not killing my
Pockets üî•",94
Buy Anouk Floral Mandarin Collar Long Sleeves Thread Work Kurta  - Kurtas for Men 28532664 | Myntra,4,‚Çπ854,16 Aug 2024,2,Purushottam,Too tight on the chest and also color is dull ,94
Buy Anouk Floral Mandarin Collar Long Sleeves Thread Work Kurta  - Kurtas for Men 28532664 | Myntra,4,‚Çπ854,12 Nov 2024,4,Shrikala Nayak,"Good quality and looks very nice.
",94
Buy Anouk Floral Mandarin Collar Long Sleeves Thread Work Kurta  - Kurtas for Men 28532664 | Myntra,4,‚Çπ854,12 Apr 2024,4,Alfia Jafry,"Nice dress 
",94
Buy Anouk Floral Mandarin Collar Long Sleeves Thread Work Kurta  - Kurtas for Men 28532664 | Myntra,4,‚Çπ854,11 Mar 2025,5,Myntra Customer,I love this very good fabric ,94
Buy Anouk Floral Mandarin Collar Long Sleeves Thread Work Kurta  - Kurtas for Men 28532664 | Myntra,4,‚Çπ854,27 Mar 2025,5,Lavesh Soni,"

‚≠êÔ∏è‚≠êÔ∏è‚≠êÔ∏è‚≠êÔ∏è‚≠êÔ∏è  

I recently purchased this olive green jacquard cotton silk kurta from Myntra, and I must say, it's absolutely stunning! The fabric feels premium, with a perfect blend of cotton and silk that makes it both comfortable and stylish. The ethnic motifs woven into the design add a classy touch, making it an ideal choice for festive occasions like Mehendi ceremonies or traditional gatherings.  

The fit is just right, and the craftsmanship is impressive. It looks even better in person than in the pictures! If you‚Äôre looking for an elegant yet breathable ethnic outfit, this is definitely worth it. Highly recommend! üíö  

#MyntraReview #EthnicWear #FestiveFashion",94
Buy Anouk Floral Mandarin Collar Long Sleeves Thread Work Kurta  - Kurtas for Men 28532664 | Myntra,4,‚Çπ854,11 Aug 2024,3,Subham Das,Looks good stitching and finishing good thread work patern is goodüòç ... Only Convern about material  is too hard and irritating .üò¨üòÆ‚Äçüí®,94
Buy Anouk Floral Mandarin Collar Long Sleeves Thread Work Kurta  - Kurtas for Men 28532664 | Myntra,4,‚Çπ854,17 Mar 2025,5,Myntra Customer,Thank you myntra and the brand anouk....good quality as shown in the picture,94
Buy Anouk Blue Floral Printed Straight Pure Cotton Short Kurti  - Kurtis for Women 27830474 | Myntra,4.3,‚Çπ560,8 May 2024,5,Myntra Customer,"This short kurti is really awesome,  same as  shown on picture , And Anouk brand woww, and it's pure cotton kurti ,, I love this kurti, very comfortable highly recommended ho for its ‚ò∫Ô∏è‚ò∫Ô∏è‚ò∫Ô∏è‚ò∫Ô∏èü§óü§óü§óü§ó",3400
Buy Anouk Blue Floral Printed Straight Pure Cotton Short Kurti  - Kurtis for Women 27830474 | Myntra,4.3,‚Çπ560,17 Oct 2024,5,Khush Pavu,"Yaar, maine yeh Anouk Blue Floral Printed Straight Pure Cotton Kurti li thi, aur seriously, yeh bilkul mast hai! Pehla toh iska kapda itna soft hai, pure cotton mein, matlab garmi mein bhi full comfort. Dusra, iska floral print bahut pyaara aur stylish lagta hai, subtle par classy vibes de raha hai.

Fit bhi kaafi acha hai, not too loose, not too tight, bas perfect straight fit. Aur yeh color toh waise bhi sabpe acha lagta hai. Price ke hisaab se kaafi achha deal mila mujhe.

Overall, agar tumhe casual wear ke liye kuch lightweight aur sundar chahiye, yeh Kurti ekdum best choice hai.",3400
Buy Anouk Blue Floral Printed Straight Pure Cotton Short Kurti  - Kurtis for Women 27830474 | Myntra,4.3,‚Çπ560,8 Sept 2024,4,Pallavi,"color -slightly different in shade.
fabric-  10/9.9 it is cotton so, good for daily wear college and office.
print  is good and the lace is  fine ,making this short kurta different and elegant from others.
The neck design is good .
over all value for money. This was my first purchase from Myntra .And i am satisfied from the product. May it  look like  old piece but that is because of cotton.",3400
Buy Anouk Blue Floral Printed Straight Pure Cotton Short Kurti  - Kurtis for Women 27830474 | Myntra,4.3,‚Çπ560,7 Oct 2024,5,Myntra Customer,"The blue floral printed kurti is a beautiful blend of elegance and comfort. The floral design adds a refreshing, vibrant touch, making it perfect for casual outings or festive occasions. The fabric feels soft against the skin, and the fit is flattering without being too tight. It‚Äôs lightweight and breathable, though some may find the print slightly bold for everyday wear.

",3400
Buy Anouk Blue Floral Printed Straight Pure Cotton Short Kurti  - Kurtis for Women 27830474 | Myntra,4.3,‚Çπ560,4 June 2024,4,Palak,"Best for summers with eye pleasing Color üòç
I've ordered M size and fitting is really good
It's neither too short nor too long
I've washed it once only 
It did not shrink at all...its purely cotton
I'll share my review after multiple washes also...

",3400
Buy Anouk Blue Floral Printed Straight Pure Cotton Short Kurti  - Kurtis for Women 27830474 | Myntra,4.3,‚Çπ560,17 Jan 2025,5,Preet Kaur,"Love the fit‚úÖ colour‚úÖ quality‚úÖ
Everything is perfect ‚ù§Ô∏è
",3400
Buy Anouk Blue Floral Printed Straight Pure Cotton Short Kurti  - Kurtis for Women 27830474 | Myntra,4.3,‚Çπ560,1 July 2024,5,Akanksha Negi,"Material is really nice and light ,colour is also very summery and fits is goodüëçüíï



",3400
Buy Anouk Blue Floral Printed Straight Pure Cotton Short Kurti  - Kurtis for Women 27830474 | Myntra,4.3,‚Çπ560,7 Oct 2024,5,Meenakshi Bisht,It is exactly as shown and fits me perfectly and I am so happy that I finally got what I wanted thank you very much Myntra team and the delivery agentüòç,3400
Buy Anouk Blue Floral Printed Straight Pure Cotton Short Kurti  - Kurtis for Women 27830474 | Myntra,4.3,‚Çπ560,30 Oct 2024,5,Nidhi Shah,It‚Äôs perfect for the summer.!! Fabric is so soft and very comfortable for the Colloge & home & office.!!,3400
Buy Anouk Blue Floral Printed Straight Pure Cotton Short Kurti  - Kurtis for Women 27830474 | Myntra,4.3,‚Çπ560,14 Aug 2024,5,Niku Devi,Loved itüíô very comfortable‚ù§,3400
Buy Anouk Blue Floral Printed Straight Pure Cotton Short Kurti  - Kurtis for Women 27830474 | Myntra,4.3,‚Çπ560,15 June 2024,5,Aishwarya Shinde,"Good one.  I love fabric quality it was so comfortable. Great for office wear nd clg as well.  Just go for it‚Ä¶.
",3400
Buy Anouk Blue Floral Printed Straight Pure Cotton Short Kurti  - Kurtis for Women 27830474 | Myntra,4.3,‚Çπ560,2 July 2024,5,Prabhnoor Kaur,"Pure Breathable cotton fabric , too good fit plus quality.  Shows simplicity and class. Perfect for daily and office wear as well. 
Bought size L.
",3400
Buy Anouk Blue Floral Printed Straight Pure Cotton Short Kurti  - Kurtis for Women 27830474 | Myntra,4.3,‚Çπ560,11 Oct 2024,5,Pari,"Vry beautiful kurtii,, loved it , fabric was also good ",3400
Buy Anouk Blue Floral Printed Straight Pure Cotton Short Kurti  - Kurtis for Women 27830474 | Myntra,4.3,‚Çπ560,22 Sept 2024,5,Sweta Mahato,Must but product. From last one nd half years i'm using Anouk products....I'm satisfied with their material. Size and length is accurate. Thanx Myntra and Anouk.,3400
Buy Anouk Blue Floral Printed Straight Pure Cotton Short Kurti  - Kurtis for Women 27830474 | Myntra,4.3,‚Çπ560,6 Nov 2024,5,Manjali Kumar,Just go for it üòÑ good colour. quality is amazing I'm in love with this kurti ,3400
Buy Anouk Blue Floral Printed Straight Pure Cotton Short Kurti  - Kurtis for Women 27830474 | Myntra,4.3,‚Çπ560,3 Sept 2024,5,Laxmi Maurya,"Perfect, cotton, comfortable. Go for it.",3400
Buy Anouk Blue Floral Printed Straight Pure Cotton Short Kurti  - Kurtis for Women 27830474 | Myntra,4.3,‚Çπ560,11 Feb 2025,5,Seema Behra,"Love the colour & fit .. material is also breathable, awesome product 
",3400
Buy Anouk Blue Floral Printed Straight Pure Cotton Short Kurti  - Kurtis for Women 27830474 | Myntra,4.3,‚Çπ560,20 Oct 2024,4,Aisha Sharma,"the kurta i recieved was exactly like in the photos, minimal and elegant, quality is pretty great, I loved it although the colour was not as vibrant as expected but pretty good overall
",3400
Buy Anouk Blue Floral Printed Straight Pure Cotton Short Kurti  - Kurtis for Women 27830474 | Myntra,4.3,‚Çπ560,27 Sept 2024,5,Neha S,"The material is cotton and real comfy for summer time. The colour is not exactly the same but you won't be disappointed. Overall nice and didn't shrink after wash. Worth it.
Colour 4/5
Material 5/5
",3400
Buy Anouk Blue Floral Printed Straight Pure Cotton Short Kurti  - Kurtis for Women 27830474 | Myntra,4.3,‚Çπ560,31 Oct 2024,5,Myntra Customer,Quality of Kurta is too good... and it perfectly fits on me.. thanks myntra,3400
Buy Anouk Blue Floral Printed Straight Pure Cotton Short Kurti  - Kurtis for Women 27830474 | Myntra,4.3,‚Çπ560,31 Oct 2024,5,Rajani Singh,It turned out exactly as I had expected but it is very nice and is made of cotton and I really liked it and when I wore it a lot of people complimented me asking where I got it from,3400
Buy Anouk Blue Floral Printed Straight Pure Cotton Short Kurti  - Kurtis for Women 27830474 | Myntra,4.3,‚Çπ560,8 Aug 2024,4,Myntra Customer,Perfect fitting for me. True to the colour shown in the picture. Good quality material. Best for daily wear or casual office wear. Best for summer. ,3400
Buy Anouk Blue Floral Printed Straight Pure Cotton Short Kurti  - Kurtis for Women 27830474 | Myntra,4.3,‚Çπ560,24 June 2024,5,Urmila Anand,Excellent product üëåüëå. give 5 ‚≠ê‚≠ê‚≠ê‚≠ê‚≠ê go for it without thinking ,3400
Buy Anouk Blue Floral Printed Straight Pure Cotton Short Kurti  - Kurtis for Women 27830474 | Myntra,4.3,‚Çπ560,24 Sept 2024,5,Sanjeet,"Osham Material
Lovely product
Size ‚ù§Ô∏è
9/10
Must try ...",3400
Buy Anouk Blue Floral Printed Straight Pure Cotton Short Kurti  - Kurtis for Women 27830474 | Myntra,4.3,‚Çπ560,15 Apr 2024,5,Nilakshee Gogoi,"Material - pure cotton
Perfect Wear for summer session ‚ú®",3400
Buy Anouk Blue Floral Printed Straight Pure Cotton Short Kurti  - Kurtis for Women 27830474 | Myntra,4.3,‚Çπ560,19 Mar 2025,5,Prachi,"Just 3 words, go for it !!!
Very pretty and fitting is perfect. I'm usually a size S, but I got this one in XS and it looks too good!",3400
Buy Anouk Blue Floral Printed Straight Pure Cotton Short Kurti  - Kurtis for Women 27830474 | Myntra,4.3,‚Çπ560,20 Sept 2024,5,Vaishali Sharma,"Awesome..... quality is superb 
Very comfortable ",3400
Buy Anouk Blue Floral Printed Straight Pure Cotton Short Kurti  - Kurtis for Women 27830474 | Myntra,4.3,‚Çπ560,23 Feb 2025,4,Khushboo,"Awesome 
Light weight
Pure cotton fabric 
Love for summer!",3400
Buy Anouk Blue Floral Printed Straight Pure Cotton Short Kurti  - Kurtis for Women 27830474 | Myntra,4.3,‚Çπ560,16 Nov 2024,5,Divyanshi Gupta,"The material is very soft and colour looks pretty‚Ä¶
",3400
Buy Anouk Blue Floral Printed Straight Pure Cotton Short Kurti  - Kurtis for Women 27830474 | Myntra,4.3,‚Çπ560,19 Aug 2024,4,Shrusti Tawate,Looks very Elegant!,3400
Buy Anouk Blue Floral Printed Straight Pure Cotton Short Kurti  - Kurtis for Women 27830474 | Myntra,4.3,‚Çπ560,4 June 2024,5,Smita Neog,This is the best kurti for summers üëçüòç.. the material is so so good 100% cotton ...as shown as the picture...I love it ü•∞ü´∂,3400
Buy Anouk Blue Floral Printed Straight Pure Cotton Short Kurti  - Kurtis for Women 27830474 | Myntra,4.3,‚Çπ560,23 May 2024,4,Muskan,"Beautiful and comfortable... the color is a little dull than shown in the picture, but the quality is good",3400
Buy Anouk Blue Floral Printed Straight Pure Cotton Short Kurti  - Kurtis for Women 27830474 | Myntra,4.3,‚Çπ560,8 Oct 2024,5,Jyoti Padhan,"It was really a amazing kurta. It fits me so perfectly and it came exactly the same as it is in the photo.
Must buy it if u like it.",3400
Buy Anouk Blue Floral Printed Straight Pure Cotton Short Kurti  - Kurtis for Women 27830474 | Myntra,4.3,‚Çπ560,10 Aug 2024,5,Myntra Customer,Cute short Kurtis ‚ù§Ô∏è‚ù§Ô∏è‚ù§Ô∏èPerfect for summer ,3400
Buy Anouk Blue Floral Printed Straight Pure Cotton Short Kurti  - Kurtis for Women 27830474 | Myntra,4.3,‚Çπ560,6 Sept 2024,3,Anjali Shukla,"It was like Okay, Okay. The design was good but the fabric is very thin so it doesn't seems reasonable for the price. And somehow the cloth was Looking dull as compared to the picture. ",3400
Buy Anouk Yellow Ethnic Motifs Embroidered Mandarin Collar Straight Kurta  - Kurtas for Men 28532682 | Myntra,4.4,‚Çπ971,3 Feb 2025,4,Harsh Yadav,You will definitely like it üòâ,265
Buy Anouk Yellow Ethnic Motifs Embroidered Mandarin Collar Straight Kurta  - Kurtas for Men 28532682 | Myntra,4.4,‚Çπ971,14 Nov 2024,5,Vandana Jha,I love this kurta... I ordered this for my husband and he liked it very much... The work and fabric of this kurta is just awesome... Just go for it.... ,265
Buy Anouk Yellow Ethnic Motifs Embroidered Mandarin Collar Straight Kurta  - Kurtas for Men 28532682 | Myntra,4.4,‚Çπ971,29 Dec 2024,5,Devesh,"Nice one üòé
",265
Buy Anouk Yellow Ethnic Motifs Embroidered Mandarin Collar Straight Kurta  - Kurtas for Men 28532682 | Myntra,4.4,‚Çπ971,30 Oct 2024,5,Adarsh,"Rating: 4.5/5*

Pros:

1. Excellent fabric quality: Soft, smooth, and comfortable.
2. Beautiful design: Attractive patterns, colors, and embroidery.
3. Flattering fit: Well-tailored, fits perfectly.
4. Comfortable wear: Suitable for daily wear, occasions, and festivals.
5. Affordable price: Value for money.

Cons:

1. Limited design options: Could have more design variations.
2. No matching pants: Would be great if matching pants were included.

Rating Breakdown:

- Fabric: 5/5
- Design: 4/5
- Fit: 4.5/5
- Comfort: 4/5
- Price: 4.5/5
",265
Buy Anouk Yellow Ethnic Motifs Embroidered Mandarin Collar Straight Kurta  - Kurtas for Men 28532682 | Myntra,4.4,‚Çπ971,7 Nov 2024,5,Shreyas,"
""I got myself a red kurta recently, and honestly, it's such a versatile piece! The color is vibrant, perfect for any festive vibe or even a casual day out if styled right. The best part about red is that it stands out without too much effort. Paired with a white pajama, it looks classic and gives that traditional feel.

Comfort-wise, it depends a lot on the fabric you go for. Mine‚Äôs cotton, so it‚Äôs light and breathable, great for wearing all day. But if you‚Äôre looking to dress up for a special occasion, maybe go for silk or something with a bit of sheen. Overall, super happy with it‚Äîit‚Äôs a great addition to my wardrobe!""

",265
Buy Anouk Yellow Ethnic Motifs Embroidered Mandarin Collar Straight Kurta  - Kurtas for Men 28532682 | Myntra,4.4,‚Çπ971,8 Nov 2024,5,Bharani M,"Quality - Excellent.
Just keep away from your wife‚Äôs bangles or any sharp objects,
Cloth will start threading out.",265
Buy Anouk Yellow Ethnic Motifs Embroidered Mandarin Collar Straight Kurta  - Kurtas for Men 28532682 | Myntra,4.4,‚Çπ971,10 Oct 2024,5,Aditya Raj Singh,"Best in the price range, anyone who is looking for a classy traditional look can surely buy it. The quality, fitting, color, and the material is quite good too.
",265
Buy Anouk Yellow Ethnic Motifs Embroidered Mandarin Collar Straight Kurta  - Kurtas for Men 28532682 | Myntra,4.4,‚Çπ971,6 May 2024,4,Ekta Sah,Looks and feels nice but the thread-work was not that fine. Still would recommend considering the price and look.,265
Buy Anouk Yellow Ethnic Motifs Embroidered Mandarin Collar Straight Kurta  - Kurtas for Men 28532682 | Myntra,4.4,‚Çπ971,29 Sept 2024,5,Ns Ps 4 Gamer,Great kurta quality is good,265
Buy Anouk Yellow Ethnic Motifs Embroidered Mandarin Collar Straight Kurta  - Kurtas for Men 28532682 | Myntra,4.4,‚Çπ971,12 Oct 2024,5,Samrat Naskar,"The texture and the Glittery effect really blends well...!! Gorgeous one..!! Thumbs up to Myntra..üëç
You want something for a big occasion or for just a casual ethnic wear day the product suits perfectly both ways. üëåüëå",265
Buy Anouk Yellow Ethnic Motifs Embroidered Mandarin Collar Straight Kurta  - Kurtas for Men 28532682 | Myntra,4.4,‚Çπ971,29 Oct 2024,5,Vipul Parate,"Loved the Peach colour , fitting is perfect... It is bit uncomfortable to skin but once you wear few times you'll get used to it 
Peach Colour Highly recommended especially if you have fair skin üëçüèª",265
Buy Anouk Yellow Ethnic Motifs Embroidered Mandarin Collar Straight Kurta  - Kurtas for Men 28532682 | Myntra,4.4,‚Çπ971,2 Sept 2024,5,Samrat,"Nice one , the work of the shining texture is really good , it's not like that will fall off from it , the cloth is cold not much sweating happens , but once you receive it you should iron it properly to get some good vibes , excellent one ofc.",265
Buy Anouk Yellow Ethnic Motifs Embroidered Mandarin Collar Straight Kurta  - Kurtas for Men 28532682 | Myntra,4.4,‚Çπ971,26 Jan 2025,4,Ayush Raj,"Just loving itüòç. Best quality fabric, super comfortable and stitching is good too.. must go for this one guys, you'll like it for sure ‚ô•Ô∏è",265
Buy Anouk Yellow Ethnic Motifs Embroidered Mandarin Collar Straight Kurta  - Kurtas for Men 28532682 | Myntra,4.4,‚Çπ971,10 Oct 2024,5,Shubho,"absolute steal at this price. beautiful kurta with precise work. buttons are white and could've been either wood, purple or black but apart from that very happy with this purchase",265
Buy Anouk Yellow Ethnic Motifs Embroidered Mandarin Collar Straight Kurta  - Kurtas for Men 28532682 | Myntra,4.4,‚Çπ971,2 Nov 2024,5,Diksha Nidhi,"Very nice kurta, the material is soft cotton and very comfy and even the work is as shown. Good for small functions",265
Buy Anouk Yellow Ethnic Motifs Embroidered Mandarin Collar Straight Kurta  - Kurtas for Men 28532682 | Myntra,4.4,‚Çπ971,13 Aug 2024,5,Nitish Nichenam,The quality is good for the price and looks good in person.,265
Buy Anouk Yellow Ethnic Motifs Embroidered Mandarin Collar Straight Kurta  - Kurtas for Men 28532682 | Myntra,4.4,‚Çπ971,15 May 2024,5,Polly Kumari,"Affordable and adorable kurta, specially for haldi ceremony.. perfect size n fit. The material is also excellent.",265
Buy Anouk Yellow Ethnic Motifs Embroidered Mandarin Collar Straight Kurta  - Kurtas for Men 28532682 | Myntra,4.4,‚Çπ971,29 Oct 2024,5,4621,"Mene apne husband ko gift deya hai vo bhaut khush hai good quality and very very beautiful kurta 
",265
Buy Anouk Yellow Ethnic Motifs Embroidered Mandarin Collar Straight Kurta  - Kurtas for Men 28532682 | Myntra,4.4,‚Çπ971,21 Sept 2024,4,Aditi Ganguly,Very nice and trendy. Material is good but only can be worn in winters,265
Buy Anouk Yellow Ethnic Motifs Embroidered Mandarin Collar Straight Kurta  - Kurtas for Men 28532682 | Myntra,4.4,‚Çπ971,25 Oct 2024,5,Shweta,Perfect fit love the fabric ü§åüèΩ,265
Buy Anouk Yellow Ethnic Motifs Embroidered Mandarin Collar Straight Kurta  - Kurtas for Men 28532682 | Myntra,4.4,‚Çπ971,27 May 2024,3,Tuton Pal,"The kurta is pretty nice.But it's febric is not that much good
",265
Buy Anouk Yellow Ethnic Motifs Embroidered Mandarin Collar Straight Kurta  - Kurtas for Men 28532682 | Myntra,4.4,‚Çπ971,29 Jan 2025,4,Meera,nice one....but length is little short otherwise good quality product,265
Buy Anouk Yellow Ethnic Motifs Embroidered Mandarin Collar Straight Kurta  - Kurtas for Men 28532682 | Myntra,4.4,‚Çπ971,6 Nov 2024,5,Gaurav Saxena,"Amazing kurta for 900
Colour is very accurate and looks classy fabric is nice
",265
Buy Anouk Yellow Ethnic Motifs Embroidered Mandarin Collar Straight Kurta  - Kurtas for Men 28532682 | Myntra,4.4,‚Çπ971,13 Nov 2024,4,Jyoti,Nice embroidered sequin kurta.,265
Buy Anouk Yellow Ethnic Motifs Embroidered Mandarin Collar Straight Kurta  - Kurtas for Men 28532682 | Myntra,4.4,‚Çπ971,10 Oct 2024,5,Yatendra Kumar,It's fabulous ü§© febric and size all good ,265
Buy Anouk Yellow Ethnic Motifs Embroidered Mandarin Collar Straight Kurta  - Kurtas for Men 28532682 | Myntra,4.4,‚Çπ971,14 Oct 2024,5,Ujjwal Deep Agarwal,The kurta material and fit is nice but the white buttons spoil the look on a dark kurta,265
Buy Anouk Yellow Ethnic Motifs Embroidered Mandarin Collar Straight Kurta  - Kurtas for Men 28532682 | Myntra,4.4,‚Çπ971,10 Dec 2024,4,Deep Das,It's very good That's why this same product is very common now üòÇ,265
Buy Anouk Yellow Ethnic Motifs Embroidered Mandarin Collar Straight Kurta  - Kurtas for Men 28532682 | Myntra,4.4,‚Çπ971,18 Sept 2024,3,Oz,The mirror finish is an absolute waste against this colour. It isn't noticable at all.,265
Buy Anouk Yellow Ethnic Motifs Embroidered Mandarin Collar Straight Kurta  - Kurtas for Men 28532682 | Myntra,4.4,‚Çπ971,11 Nov 2024,5,Anil Kumar,"I purchased S size for me and the fitting of kurta is awesome.
i loved it.",265
Buy Anouk Yellow Ethnic Motifs Embroidered Mandarin Collar Straight Kurta  - Kurtas for Men 28532682 | Myntra,4.4,‚Çπ971,6 Nov 2024,3,Parul Tandon,The threads are coming off pretty easily and the fabric is difficult to iron due to the unstable threads.,265
Buy Anouk Yellow Ethnic Motifs Embroidered Mandarin Collar Straight Kurta  - Kurtas for Men 28532682 | Myntra,4.4,‚Çπ971,30 Oct 2024,5,Sushanta Bhuyan,"Nice fit and colour, embroidery work is fine and very nice as well",265
Buy Anouk Yellow Ethnic Motifs Embroidered Mandarin Collar Straight Kurta  - Kurtas for Men 28532682 | Myntra,4.4,‚Çπ971,9 Nov 2024,5,Ashwini Singh,Good product. The picture and the product is exactly the same.,265
Buy Anouk Yellow Ethnic Motifs Embroidered Mandarin Collar Straight Kurta  - Kurtas for Men 28532682 | Myntra,4.4,‚Çπ971,13 Apr 2025,4,Rakesh Bhatia,"Nice kurta, fitting is good, good quality product ",265
Buy Anouk Yellow Ethnic Motifs Embroidered Mandarin Collar Straight Kurta  - Kurtas for Men 28532682 | Myntra,4.4,‚Çπ971,29 Jan 2025,5,Anshul Ajmera,Ordered for my husband. It was perfect for festival vibes.,265
Buy Anouk Yellow Ethnic Motifs Embroidered Mandarin Collar Straight Kurta  - Kurtas for Men 28532682 | Myntra,4.4,‚Çπ971,3 Nov 2024,4,Myntra Customer,Quality of product is very good üëçüòä,265
Buy Anouk Yellow Ethnic Motifs Embroidered Mandarin Collar Straight Kurta  - Kurtas for Men 28532682 | Myntra,4.4,‚Çπ971,12 May 2024,4,Gaurav Arora,"Nice kurta with perfect fit and stylish look

",265
Buy Anouk Yellow Ethnic Motifs Embroidered Mandarin Collar Straight Kurta  - Kurtas for Men 28532682 | Myntra,4.4,‚Çπ971,6 Aug 2024,5,Yashwant Anil,very good material for this price ,265
Buy Anouk Yellow Ethnic Motifs Embroidered Mandarin Collar Straight Kurta  - Kurtas for Men 28532682 | Myntra,4.4,‚Çπ971,2 Aug 2024,4,Ritik Raj,"Good looking, and light colored for casual occasions ",265
Buy Anouk Yellow Ethnic Motifs Embroidered Mandarin Collar Straight Kurta  - Kurtas for Men 28532682 | Myntra,4.4,‚Çπ971,15 Nov 2024,5,Niharika Chaudhary,I gifted this to my hubby... He looks so handsome in this outfitüòò,265
Buy Anouk Yellow Ethnic Motifs Embroidered Mandarin Collar Straight Kurta  - Kurtas for Men 28532682 | Myntra,4.4,‚Çπ971,2 Feb 2025,4,Myntra Customer,It is nice but received a handkerchief also in pocket,265
Buy Anouk Yellow Ethnic Motifs Embroidered Mandarin Collar Straight Kurta  - Kurtas for Men 28532682 | Myntra,4.4,‚Çπ971,2 Nov 2024,5,Twinkle,Nice and comfortable kurta. Same as shown in pic and true to size,265
Buy Anouk Yellow Ethnic Motifs Embroidered Mandarin Collar Straight Kurta  - Kurtas for Men 28532682 | Myntra,4.4,‚Çπ971,10 Oct 2024,4,Dev,"Good product.looks good on me.
",265
Buy Anouk Yellow Ethnic Motifs Embroidered Mandarin Collar Straight Kurta  - Kurtas for Men 28532682 | Myntra,4.4,‚Çπ971,5 Oct 2024,3,Vivek Gupta,Looks good in the pictures but not as good in person,265
Buy Anouk Yellow Ethnic Motifs Embroidered Mandarin Collar Straight Kurta  - Kurtas for Men 28532682 | Myntra,4.4,‚Çπ971,13 Feb 2025,5,Rahul Singh,A must have for festive occasions üëçüèª ,265
Buy Anouk Yellow Ethnic Motifs Embroidered Mandarin Collar Straight Kurta  - Kurtas for Men 28532682 | Myntra,4.4,‚Çπ971,21 Mar 2025,5,Ankita,Loved it the quality of kurta is too notch,265
Buy Anouk Yellow Ethnic Motifs Embroidered Mandarin Collar Straight Kurta  - Kurtas for Men 28532682 | Myntra,4.4,‚Çπ971,2 Apr 2025,4,Shashank,My Size issue but Amazing products ,265
Buy Anouk Yellow Ethnic Motifs Embroidered Mandarin Collar Straight Kurta  - Kurtas for Men 28532682 | Myntra,4.4,‚Çπ971,14 Apr 2025,5,Prachi Saini,"Perfect size 
Good quality 
Excellent stuff",265
Buy Anouk Yellow Ethnic Motifs Embroidered Mandarin Collar Straight Kurta  - Kurtas for Men 28532682 | Myntra,4.4,‚Çπ971,31 Oct 2024,5,Vivek Raj Jaiswal,Achha lag rha hai aur fitting bhi thik hai .,265
Buy Anouk Yellow Ethnic Motifs Embroidered Mandarin Collar Straight Kurta  - Kurtas for Men 28532682 | Myntra,4.4,‚Çπ971,3 Jan 2025,4,Ishika Kumari,Good for festive look,265
Buy Anouk Yellow Ethnic Motifs Embroidered Mandarin Collar Straight Kurta  - Kurtas for Men 28532682 | Myntra,4.4,‚Çπ971,8 Apr 2025,5,Honey Singh,"Nice one..loved the fit totally worth it
",265
Buy Anouk Yellow Ethnic Motifs Embroidered Mandarin Collar Straight Kurta  - Kurtas for Men 28532682 | Myntra,4.4,‚Çπ971,19 Nov 2024,4,Saroj Sahu,Wonderful product. Good for it üëç,265
Buy Anouk Yellow Ethnic Motifs Embroidered Mandarin Collar Straight Kurta  - Kurtas for Men 28532682 | Myntra,4.4,‚Çπ971,3 Mar 2025,5,Malay,Very nice design with finish and elegance,265
Buy Anouk Yellow Ethnic Motifs Embroidered Mandarin Collar Straight Kurta  - Kurtas for Men 28532682 | Myntra,4.4,‚Çπ971,2 Nov 2024,4,Arjun Suri,Good quality product ,265
Buy Anouk Yellow Ethnic Motifs Embroidered Mandarin Collar Straight Kurta  - Kurtas for Men 28532682 | Myntra,4.4,‚Çπ971,6 Mar 2025,5,Divya Aggarwal,The kurta quality is very nice and the size is good too.,265
Buy Anouk Yellow Ethnic Motifs Embroidered Mandarin Collar Straight Kurta  - Kurtas for Men 28532682 | Myntra,4.4,‚Çπ971,3 Mar 2025,5,Ajay Sihag,It is good and comfortable:),265
Buy Anouk Yellow Ethnic Motifs Embroidered Mandarin Collar Straight Kurta  - Kurtas for Men 28532682 | Myntra,4.4,‚Çπ971,22 Oct 2024,5,Bidyut Borbaruah,"Good quality,  size is Good,  thanks 
",265
Buy Anouk Yellow Ethnic Motifs Embroidered Mandarin Collar Straight Kurta  - Kurtas for Men 28532682 | Myntra,4.4,‚Çπ971,20 Nov 2024,5,Saumya Shanker,"Look good üëç 
Buy one size up ..",265
Buy Anouk Yellow Ethnic Motifs Embroidered Mandarin Collar Straight Kurta  - Kurtas for Men 28532682 | Myntra,4.4,‚Çπ971,14 Mar 2025,4,Afiya,Product was very good ,265
Buy Anouk Yellow Ethnic Motifs Embroidered Mandarin Collar Straight Kurta  - Kurtas for Men 28532682 | Myntra,4.4,‚Çπ971,14 Apr 2025,5,Prachi Saini,"Perfect size 
Good quality 
Excellent stuff",265
Buy Anouk Yellow Ethnic Motifs Embroidered Mandarin Collar Straight Kurta  - Kurtas for Men 28532682 | Myntra,4.4,‚Çπ971,24 Mar 2025,5,Myntra Customer,Good material. Value for money.,265
Buy Anouk Yellow Ethnic Motifs Embroidered Mandarin Collar Straight Kurta  - Kurtas for Men 28532682 | Myntra,4.4,‚Çπ971,20 Oct 2024,5,Ansh,"great shopping experience













",265
Buy Anouk Yellow Ethnic Motifs Embroidered Mandarin Collar Straight Kurta  - Kurtas for Men 28532682 | Myntra,4.4,‚Çπ971,2 Nov 2024,4,Gopal,Best fabric and colour..,265
Buy Anouk Yellow Ethnic Motifs Embroidered Mandarin Collar Straight Kurta  - Kurtas for Men 28532682 | Myntra,4.4,‚Çπ971,20 Oct 2024,5,Nikhar,Surprisingly good quality. Love it. ,265
Buy Anouk Yellow Ethnic Motifs Embroidered Mandarin Collar Straight Kurta  - Kurtas for Men 28532682 | Myntra,4.4,‚Çπ971,19 Oct 2024,5,Ruchi Singh,Good üëçüòä.i happy ,265
Buy Anouk Yellow Ethnic Motifs Embroidered Mandarin Collar Straight Kurta  - Kurtas for Men 28532682 | Myntra,4.4,‚Çπ971,6 Dec 2024,5,Sayan Aich,Great fir and great quality ,265
Buy Anouk Yellow Ethnic Motifs Embroidered Mandarin Collar Straight Kurta  - Kurtas for Men 28532682 | Myntra,4.4,‚Çπ971,25 Oct 2024,5,Tushar,"Excellent product, perfect fitting",265
Buy Anouk Yellow Ethnic Motifs Embroidered Mandarin Collar Straight Kurta  - Kurtas for Men 28532682 | Myntra,4.4,‚Çπ971,8 Apr 2025,5,Karishma Soni,Perfect festive outfit,265
Buy Anouk Yellow Ethnic Motifs Embroidered Mandarin Collar Straight Kurta  - Kurtas for Men 28532682 | Myntra,4.4,‚Çπ971,8 Jan 2025,5,Monika Nagwani,Quality was too good ,265
Buy Anouk Yellow Ethnic Motifs Embroidered Mandarin Collar Straight Kurta  - Kurtas for Men 28532682 | Myntra,4.4,‚Çπ971,14 Mar 2025,5,Siddharth Singh Pal,Amazing quality n look,265
Buy Anouk Yellow Ethnic Motifs Embroidered Mandarin Collar Straight Kurta  - Kurtas for Men 28532682 | Myntra,4.4,‚Çπ971,22 Dec 2024,5,Aiswarya,Perfect fit and value for money ,265
Buy Anouk Yellow Ethnic Motifs Embroidered Mandarin Collar Straight Kurta  - Kurtas for Men 28532682 | Myntra,4.4,‚Çπ971,5 Nov 2024,5,The Bong Sarkar,Brilliant fit and fabric for this Diwali szn ü™î,265
Buy Anouk Yellow Ethnic Motifs Embroidered Mandarin Collar Straight Kurta  - Kurtas for Men 28532682 | Myntra,4.4,‚Çπ971,28 Oct 2024,5,Shruti Agrawal,"Good quality with soft fabric.
",265
Buy Anouk Yellow Ethnic Motifs Embroidered Mandarin Collar Straight Kurta  - Kurtas for Men 28532682 | Myntra,4.4,‚Çπ971,7 July 2024,5,Yogesh Kumar,Usually I like to visit shop for clothes but Myntra clothes quality üéÅüíØ,265
Buy Anouk Yellow Ethnic Motifs Embroidered Mandarin Collar Straight Kurta  - Kurtas for Men 28532682 | Myntra,4.4,‚Çπ971,27 Jan 2025,5,Janhvi,Very good fabric quality ,265
Buy Anouk Yellow Ethnic Motifs Embroidered Mandarin Collar Straight Kurta  - Kurtas for Men 28532682 | Myntra,4.4,‚Çπ971,16 Nov 2024,5,Om Ranjan,Fabric and fitting are awesome ,265
Buy Anouk Yellow Ethnic Motifs Embroidered Mandarin Collar Straight Kurta  - Kurtas for Men 28532682 | Myntra,4.4,‚Çπ971,11 Nov 2024,5,Mehul Yadav,"Very good kurta under budget 
",265
Buy Anouk Yellow Ethnic Motifs Embroidered Mandarin Collar Straight Kurta  - Kurtas for Men 28532682 | Myntra,4.4,‚Çπ971,8 Oct 2024,5,Niraj Kurutage,Amazing product go for it ,265
Buy Anouk Yellow Ethnic Motifs Embroidered Mandarin Collar Straight Kurta  - Kurtas for Men 28532682 | Myntra,4.4,‚Çπ971,9 Mar 2025,5,Ankit Sharma,Looking good on me... meterial is good ,265
Buy Anouk Yellow Ethnic Motifs Embroidered Mandarin Collar Straight Kurta  - Kurtas for Men 28532682 | Myntra,4.4,‚Çπ971,14 Apr 2025,5,Prachi Saini,"Perfect size 
Good quality 
Excellent stuff",265
Buy Anouk Yellow Ethnic Motifs Embroidered Mandarin Collar Straight Kurta  - Kurtas for Men 28532682 | Myntra,4.4,‚Çπ971,4 Oct 2024,2,Priyambada Kumar,"Product quality Does not resemble what is shown in the photos. Its quite transparent and the fabric looks kind of cheap. Not value for money

",265
Buy Anouk Yellow Ethnic Motifs Embroidered Mandarin Collar Straight Kurta  - Kurtas for Men 28532682 | Myntra,4.4,‚Çπ971,18 Aug 2024,5,Rahul,Comfortable Febric with Best Quality ,265
Buy Anouk Yellow Ethnic Motifs Embroidered Mandarin Collar Straight Kurta  - Kurtas for Men 28532682 | Myntra,4.4,‚Çπ971,21 Nov 2024,3,Nishu Singhal,"I am not happy with the fit..nd stuff is bit itchy
",265
Buy Anouk Yellow Ethnic Motifs Embroidered Mandarin Collar Straight Kurta  - Kurtas for Men 28532682 | Myntra,4.4,‚Çπ971,5 Nov 2024,5,Sarab,,265
Buy Anouk Yellow Ethnic Motifs Embroidered Mandarin Collar Straight Kurta  - Kurtas for Men 28532682 | Myntra,4.4,‚Çπ971,1 Oct 2024,5,Kab,"Good fit and cloth quality
",265
Buy Anouk Yellow Ethnic Motifs Embroidered Mandarin Collar Straight Kurta  - Kurtas for Men 28532682 | Myntra,4.4,‚Çπ971,16 Oct 2024,5,Piyush,Quality is so good ..,265
Buy Anouk Yellow Ethnic Motifs Embroidered Mandarin Collar Straight Kurta  - Kurtas for Men 28532682 | Myntra,4.4,‚Çπ971,12 Nov 2024,5,Satvika Gumber,Perfect ,265
